{
	"inductionStatus": {
		"title":"Induction status per hour",
		"barComponent":{
			"chartType": "bar", 
			"data": {
				"height": 250,
				"width": 20,
				"borderWidth": 1,
				"displayLegend": false,
				"labels": [ "Peak", "Average", "Recric", "Minimum" ],
				"backgroundColors":  [ "#7ed321", "#7ed321", "#f8e71c",  "#d0021b" ],				
				"borderColors":  [ "#7ed321", "#7ed321", "#f8e71c",  "#d0021b" ],				
				"hoverBackgroundColor": [ "#7ed321", "#7ed321", "#f8e71c",  "#d0021b" ],				
				"hoverBorderColor": [ "#7ed321", "#7ed321", "#f8e71c",  "#d0021b" ],				
				"barPercentage": 0.1,
				"xAxisTicksPosition": "bottom",
				"xAxisTicksFontSize": 20,
				"xAxisTickFontWeight":800,
				"xAxisDisplayGridLines": false,
				"yAxisTicksPosition": "right",
				"yAxisTicksFontSize": 20,
				"yAxisTickFontWeight":800,
				"yAxisDisplayGridLines": false	
			}		
		}
	}
}

				